year,month,day,dow,don,color,wnum,tmp1,tmp2,tmp3
2020,1,1,Wed,New Year’s Day,FFB6C1,1,1月1日,Wed,1
2020,1,2,Thu,,,1,1月2日,Thu,1
2020,1,3,Fri,,,1,1月3日,Fri,1
2020,1,4,Sat,,FFD9C1,1,1月4日,Sat,1
2020,1,5,Sun,,FFB6C1,2,1月5日,Sun,2
2020,1,6,Mon,,,2,1月6日,Mon,2
2020,1,7,Tue,,,2,1月7日,Tue,2
2020,1,8,Wed,,,2,1月8日,Wed,2
2020,1,9,Thu,,,2,1月9日,Thu,2
2020,1,10,Fri,,,2,1月10日,Fri,2
2020,1,11,Sat,,FFD9C1,2,1月11日,Sat,2
2020,1,12,Sun,,FFB6C1,3,1月12日,Sun,3
2020,1,13,Mon,Coming of Age Day,FFB6C1,3,1月13日,Mon,3
2020,1,14,Tue,,,3,1月14日,Tue,3
2020,1,15,Wed,,,3,1月15日,Wed,3
2020,1,16,Thu,,,3,1月16日,Thu,3
2020,1,17,Fri,,,3,1月17日,Fri,3
2020,1,18,Sat,,FFD9C1,3,1月18日,Sat,3
2020,1,19,Sun,,FFB6C1,4,1月19日,Sun,4
2020,1,20,Mon,,,4,1月20日,Mon,4
2020,1,21,Tue,,,4,1月21日,Tue,4
2020,1,22,Wed,,,4,1月22日,Wed,4
2020,1,23,Thu,,,4,1月23日,Thu,4
2020,1,24,Fri,,,4,1月24日,Fri,4
2020,1,25,Sat,,FFD9C1,4,1月25日,Sat,4
2020,1,26,Sun,,FFB6C1,5,1月26日,Sun,5
2020,1,27,Mon,,,5,1月27日,Mon,5
2020,1,28,Tue,,,5,1月28日,Tue,5
2020,1,29,Wed,,,5,1月29日,Wed,5
2020,1,30,Thu,,,5,1月30日,Thu,5
2020,1,31,Fri,,,5,1月31日,Fri,5
2020,2,1,Sat,,FFD9C1,1,2月1日,Sat,1
2020,2,2,Sun,,FFB6C1,2,2月2日,Sun,2
2020,2,3,Mon,,,2,2月3日,Mon,2
2020,2,4,Tue,,,2,2月4日,Tue,2
2020,2,5,Wed,,,2,2月5日,Wed,2
2020,2,6,Thu,,,2,2月6日,Thu,2
2020,2,7,Fri,,,2,2月7日,Fri,2
2020,2,8,Sat,,FFD9C1,2,2月8日,Sat,2
2020,2,9,Sun,,FFB6C1,3,2月9日,Sun,3
2020,2,10,Mon,,,3,2月10日,Mon,3
2020,2,11,Tue,National Foundation Day,FFB6C1,3,2月11日,Tue,3
2020,2,12,Wed,,,3,2月12日,Wed,3
2020,2,13,Thu,,,3,2月13日,Thu,3
2020,2,14,Fri,,,3,2月14日,Fri,3
2020,2,15,Sat,,FFD9C1,3,2月15日,Sat,3
2020,2,16,Sun,,FFB6C1,4,2月16日,Sun,4
2020,2,17,Mon,,,4,2月17日,Mon,4
2020,2,18,Tue,,,4,2月18日,Tue,4
2020,2,19,Wed,,,4,2月19日,Wed,4
2020,2,20,Thu,,,4,2月20日,Thu,4
2020,2,21,Fri,,,4,2月21日,Fri,4
2020,2,22,Sat,,FFD9C1,4,2月22日,Sat,4
2020,2,23,Sun,The Emperor’s Birthday,FFB6C1,5,2月23日,Sun,5
2020,2,24,Mon,Substitute Holiday,FFB6C1,5,2月24日,Mon,5
2020,2,25,Tue,,,5,2月25日,Tue,5
2020,2,26,Wed,,,5,2月26日,Wed,5
2020,2,27,Thu,,,5,2月27日,Thu,5
2020,2,28,Fri,,,5,2月28日,Fri,5
2020,2,29,Sat,,FFD9C1,5,2月29日,Sat,5
2020,3,1,Sun,,FFB6C1,1,3月1日,Sun,1
2020,3,2,Mon,,,1,3月2日,Mon,1
2020,3,3,Tue,,,1,3月3日,Tue,1
2020,3,4,Wed,,,1,3月4日,Wed,1
2020,3,5,Thu,,,1,3月5日,Thu,1
2020,3,6,Fri,,,1,3月6日,Fri,1
2020,3,7,Sat,,FFD9C1,1,3月7日,Sat,1
2020,3,8,Sun,,FFB6C1,2,3月8日,Sun,2
2020,3,9,Mon,,,2,3月9日,Mon,2
2020,3,10,Tue,,,2,3月10日,Tue,2
2020,3,11,Wed,,,2,3月11日,Wed,2
2020,3,12,Thu,,,2,3月12日,Thu,2
2020,3,13,Fri,,,2,3月13日,Fri,2
2020,3,14,Sat,,FFD9C1,2,3月14日,Sat,2
2020,3,15,Sun,,FFB6C1,3,3月15日,Sun,3
2020,3,16,Mon,,,3,3月16日,Mon,3
2020,3,17,Tue,,,3,3月17日,Tue,3
2020,3,18,Wed,,,3,3月18日,Wed,3
2020,3,19,Thu,,,3,3月19日,Thu,3
2020,3,20,Fri,Vernal Equinox Day,FFB6C1,3,3月20日,Fri,3
2020,3,21,Sat,,FFD9C1,3,3月21日,Sat,3
2020,3,22,Sun,,FFB6C1,4,3月22日,Sun,4
2020,3,23,Mon,,,4,3月23日,Mon,4
2020,3,24,Tue,,,4,3月24日,Tue,4
2020,3,25,Wed,,,4,3月25日,Wed,4
2020,3,26,Thu,,,4,3月26日,Thu,4
2020,3,27,Fri,,,4,3月27日,Fri,4
2020,3,28,Sat,,FFD9C1,4,3月28日,Sat,4
2020,3,29,Sun,,FFB6C1,5,3月29日,Sun,5
2020,3,30,Mon,,,5,3月30日,Mon,5
2020,3,31,Tue,,,5,3月31日,Tue,5
2020,4,1,Wed,,,1,4月1日,Wed,1
2020,4,2,Thu,,,1,4月2日,Thu,1
2020,4,3,Fri,,,1,4月3日,Fri,1
2020,4,4,Sat,,FFD9C1,1,4月4日,Sat,1
2020,4,5,Sun,,FFB6C1,2,4月5日,Sun,2
2020,4,6,Mon,,,2,4月6日,Mon,2
2020,4,7,Tue,,,2,4月7日,Tue,2
2020,4,8,Wed,,,2,4月8日,Wed,2
2020,4,9,Thu,,,2,4月9日,Thu,2
2020,4,10,Fri,,,2,4月10日,Fri,2
2020,4,11,Sat,,FFD9C1,2,4月11日,Sat,2
2020,4,12,Sun,,FFB6C1,3,4月12日,Sun,3
2020,4,13,Mon,,,3,4月13日,Mon,3
2020,4,14,Tue,,,3,4月14日,Tue,3
2020,4,15,Wed,,,3,4月15日,Wed,3
2020,4,16,Thu,,,3,4月16日,Thu,3
2020,4,17,Fri,,,3,4月17日,Fri,3
2020,4,18,Sat,,FFD9C1,3,4月18日,Sat,3
2020,4,19,Sun,,FFB6C1,4,4月19日,Sun,4
2020,4,20,Mon,,,4,4月20日,Mon,4
2020,4,21,Tue,,,4,4月21日,Tue,4
2020,4,22,Wed,,,4,4月22日,Wed,4
2020,4,23,Thu,,,4,4月23日,Thu,4
2020,4,24,Fri,,,4,4月24日,Fri,4
2020,4,25,Sat,,FFD9C1,4,4月25日,Sat,4
2020,4,26,Sun,,FFB6C1,5,4月26日,Sun,5
2020,4,27,Mon,,,5,4月27日,Mon,5
2020,4,28,Tue,,,5,4月28日,Tue,5
2020,4,29,Wed,Showa Day,FFB6C1,5,4月29日,Wed,5
2020,4,30,Thu,,,5,4月30日,Thu,5
2020,5,1,Fri,,,1,5月1日,Fri,1
2020,5,2,Sat,,FFD9C1,1,5月2日,Sat,1
2020,5,3,Sun,Constitution Memorial Day,FFB6C1,2,5月3日,Sun,2
2020,5,4,Mon,Greenery Day,FFB6C1,2,5月4日,Mon,2
2020,5,5,Tue,Children’s Day,FFB6C1,2,5月5日,Tue,2
2020,5,6,Wed,Substitute Holiday,FFB6C1,2,5月6日,Wed,2
2020,5,7,Thu,,,2,5月7日,Thu,2
2020,5,8,Fri,,,2,5月8日,Fri,2
2020,5,9,Sat,,FFD9C1,2,5月9日,Sat,2
2020,5,10,Sun,,FFB6C1,3,5月10日,Sun,3
2020,5,11,Mon,,,3,5月11日,Mon,3
2020,5,12,Tue,,,3,5月12日,Tue,3
2020,5,13,Wed,,,3,5月13日,Wed,3
2020,5,14,Thu,,,3,5月14日,Thu,3
2020,5,15,Fri,,,3,5月15日,Fri,3
2020,5,16,Sat,,FFD9C1,3,5月16日,Sat,3
2020,5,17,Sun,,FFB6C1,4,5月17日,Sun,4
2020,5,18,Mon,,,4,5月18日,Mon,4
2020,5,19,Tue,,,4,5月19日,Tue,4
2020,5,20,Wed,,,4,5月20日,Wed,4
2020,5,21,Thu,,,4,5月21日,Thu,4
2020,5,22,Fri,,,4,5月22日,Fri,4
2020,5,23,Sat,,FFD9C1,4,5月23日,Sat,4
2020,5,24,Sun,,FFB6C1,5,5月24日,Sun,5
2020,5,25,Mon,,,5,5月25日,Mon,5
2020,5,26,Tue,,,5,5月26日,Tue,5
2020,5,27,Wed,,,5,5月27日,Wed,5
2020,5,28,Thu,,,5,5月28日,Thu,5
2020,5,29,Fri,,,5,5月29日,Fri,5
2020,5,30,Sat,,FFD9C1,5,5月30日,Sat,5
2020,5,31,Sun,,FFB6C1,6,5月31日,Sun,6
2020,6,1,Mon,,,1,6月1日,Mon,1
2020,6,2,Tue,,,1,6月2日,Tue,1
2020,6,3,Wed,,,1,6月3日,Wed,1
2020,6,4,Thu,,,1,6月4日,Thu,1
2020,6,5,Fri,,,1,6月5日,Fri,1
2020,6,6,Sat,,FFD9C1,1,6月6日,Sat,1
2020,6,7,Sun,,FFB6C1,2,6月7日,Sun,2
2020,6,8,Mon,,,2,6月8日,Mon,2
2020,6,9,Tue,,,2,6月9日,Tue,2
2020,6,10,Wed,,,2,6月10日,Wed,2
2020,6,11,Thu,,,2,6月11日,Thu,2
2020,6,12,Fri,,,2,6月12日,Fri,2
2020,6,13,Sat,,FFD9C1,2,6月13日,Sat,2
2020,6,14,Sun,,FFB6C1,3,6月14日,Sun,3
2020,6,15,Mon,,,3,6月15日,Mon,3
2020,6,16,Tue,,,3,6月16日,Tue,3
2020,6,17,Wed,,,3,6月17日,Wed,3
2020,6,18,Thu,,,3,6月18日,Thu,3
2020,6,19,Fri,,,3,6月19日,Fri,3
2020,6,20,Sat,,FFD9C1,3,6月20日,Sat,3
2020,6,21,Sun,,FFB6C1,4,6月21日,Sun,4
2020,6,22,Mon,,,4,6月22日,Mon,4
2020,6,23,Tue,,,4,6月23日,Tue,4
2020,6,24,Wed,,,4,6月24日,Wed,4
2020,6,25,Thu,,,4,6月25日,Thu,4
2020,6,26,Fri,,,4,6月26日,Fri,4
2020,6,27,Sat,,FFD9C1,4,6月27日,Sat,4
2020,6,28,Sun,,FFB6C1,5,6月28日,Sun,5
2020,6,29,Mon,,,5,6月29日,Mon,5
2020,6,30,Tue,,,5,6月30日,Tue,5
2020,7,1,Wed,,,1,7月1日,Wed,1
2020,7,2,Thu,,,1,7月2日,Thu,1
2020,7,3,Fri,,,1,7月3日,Fri,1
2020,7,4,Sat,,FFD9C1,1,7月4日,Sat,1
2020,7,5,Sun,,FFB6C1,2,7月5日,Sun,2
2020,7,6,Mon,,,2,7月6日,Mon,2
2020,7,7,Tue,,,2,7月7日,Tue,2
2020,7,8,Wed,,,2,7月8日,Wed,2
2020,7,9,Thu,,,2,7月9日,Thu,2
2020,7,10,Fri,,,2,7月10日,Fri,2
2020,7,11,Sat,,FFD9C1,2,7月11日,Sat,2
2020,7,12,Sun,,FFB6C1,3,7月12日,Sun,3
2020,7,13,Mon,,,3,7月13日,Mon,3
2020,7,14,Tue,,,3,7月14日,Tue,3
2020,7,15,Wed,,,3,7月15日,Wed,3
2020,7,16,Thu,,,3,7月16日,Thu,3
2020,7,17,Fri,,,3,7月17日,Fri,3
2020,7,18,Sat,,FFD9C1,3,7月18日,Sat,3
2020,7,19,Sun,,FFB6C1,4,7月19日,Sun,4
2020,7,20,Mon,,,4,7月20日,Mon,4
2020,7,21,Tue,,,4,7月21日,Tue,4
2020,7,22,Wed,,,4,7月22日,Wed,4
2020,7,23,Thu,Marine Day,FFB6C1,4,7月23日,Thu,4
2020,7,24,Fri,Sports Day,FFB6C1,4,7月24日,Fri,4
2020,7,25,Sat,,FFD9C1,4,7月25日,Sat,4
2020,7,26,Sun,,FFB6C1,5,7月26日,Sun,5
2020,7,27,Mon,,,5,7月27日,Mon,5
2020,7,28,Tue,,,5,7月28日,Tue,5
2020,7,29,Wed,,,5,7月29日,Wed,5
2020,7,30,Thu,,,5,7月30日,Thu,5
2020,7,31,Fri,,,5,7月31日,Fri,5
2020,8,1,Sat,,FFD9C1,1,8月1日,Sat,1
2020,8,2,Sun,,FFB6C1,2,8月2日,Sun,2
2020,8,3,Mon,,,2,8月3日,Mon,2
2020,8,4,Tue,,,2,8月4日,Tue,2
2020,8,5,Wed,,,2,8月5日,Wed,2
2020,8,6,Thu,,,2,8月6日,Thu,2
2020,8,7,Fri,,,2,8月7日,Fri,2
2020,8,8,Sat,,FFD9C1,2,8月8日,Sat,2
2020,8,9,Sun,,FFB6C1,3,8月9日,Sun,3
2020,8,10,Mon,Mountain Day,FFB6C1,3,8月10日,Mon,3
2020,8,11,Tue,,,3,8月11日,Tue,3
2020,8,12,Wed,,,3,8月12日,Wed,3
2020,8,13,Thu,,,3,8月13日,Thu,3
2020,8,14,Fri,,,3,8月14日,Fri,3
2020,8,15,Sat,,FFD9C1,3,8月15日,Sat,3
2020,8,16,Sun,,FFB6C1,4,8月16日,Sun,4
2020,8,17,Mon,,,4,8月17日,Mon,4
2020,8,18,Tue,,,4,8月18日,Tue,4
2020,8,19,Wed,,,4,8月19日,Wed,4
2020,8,20,Thu,,,4,8月20日,Thu,4
2020,8,21,Fri,,,4,8月21日,Fri,4
2020,8,22,Sat,,FFD9C1,4,8月22日,Sat,4
2020,8,23,Sun,,FFB6C1,5,8月23日,Sun,5
2020,8,24,Mon,,,5,8月24日,Mon,5
2020,8,25,Tue,,,5,8月25日,Tue,5
2020,8,26,Wed,,,5,8月26日,Wed,5
2020,8,27,Thu,,,5,8月27日,Thu,5
2020,8,28,Fri,,,5,8月28日,Fri,5
2020,8,29,Sat,,FFD9C1,5,8月29日,Sat,5
2020,8,30,Sun,,FFB6C1,6,8月30日,Sun,6
2020,8,31,Mon,,,6,8月31日,Mon,6
2020,9,1,Tue,,,1,9月1日,Tue,1
2020,9,2,Wed,,,1,9月2日,Wed,1
2020,9,3,Thu,,,1,9月3日,Thu,1
2020,9,4,Fri,,,1,9月4日,Fri,1
2020,9,5,Sat,,FFD9C1,1,9月5日,Sat,1
2020,9,6,Sun,,FFB6C1,2,9月6日,Sun,2
2020,9,7,Mon,,,2,9月7日,Mon,2
2020,9,8,Tue,,,2,9月8日,Tue,2
2020,9,9,Wed,,,2,9月9日,Wed,2
2020,9,10,Thu,,,2,9月10日,Thu,2
2020,9,11,Fri,,,2,9月11日,Fri,2
2020,9,12,Sat,,FFD9C1,2,9月12日,Sat,2
2020,9,13,Sun,,FFB6C1,3,9月13日,Sun,3
2020,9,14,Mon,,,3,9月14日,Mon,3
2020,9,15,Tue,,,3,9月15日,Tue,3
2020,9,16,Wed,,,3,9月16日,Wed,3
2020,9,17,Thu,,,3,9月17日,Thu,3
2020,9,18,Fri,,,3,9月18日,Fri,3
2020,9,19,Sat,,FFD9C1,3,9月19日,Sat,3
2020,9,20,Sun,,FFB6C1,4,9月20日,Sun,4
2020,9,21,Mon,Respect for the Aged Day,FFB6C1,4,9月21日,Mon,4
2020,9,22,Tue,Autumnal Equinox Day,FFB6C1,4,9月22日,Tue,4
2020,9,23,Wed,,,4,9月23日,Wed,4
2020,9,24,Thu,,,4,9月24日,Thu,4
2020,9,25,Fri,,,4,9月25日,Fri,4
2020,9,26,Sat,,FFD9C1,4,9月26日,Sat,4
2020,9,27,Sun,,FFB6C1,5,9月27日,Sun,5
2020,9,28,Mon,,,5,9月28日,Mon,5
2020,9,29,Tue,,,5,9月29日,Tue,5
2020,9,30,Wed,,,5,9月30日,Wed,5
2020,10,1,Thu,,,1,10月1日,Thu,1
2020,10,2,Fri,,,1,10月2日,Fri,1
2020,10,3,Sat,,FFD9C1,1,10月3日,Sat,1
2020,10,4,Sun,,FFB6C1,2,10月4日,Sun,2
2020,10,5,Mon,,,2,10月5日,Mon,2
2020,10,6,Tue,,,2,10月6日,Tue,2
2020,10,7,Wed,,,2,10月7日,Wed,2
2020,10,8,Thu,,,2,10月8日,Thu,2
2020,10,9,Fri,,,2,10月9日,Fri,2
2020,10,10,Sat,,FFD9C1,2,10月10日,Sat,2
2020,10,11,Sun,,FFB6C1,3,10月11日,Sun,3
2020,10,12,Mon,,,3,10月12日,Mon,3
2020,10,13,Tue,,,3,10月13日,Tue,3
2020,10,14,Wed,,,3,10月14日,Wed,3
2020,10,15,Thu,,,3,10月15日,Thu,3
2020,10,16,Fri,,,3,10月16日,Fri,3
2020,10,17,Sat,,FFD9C1,3,10月17日,Sat,3
2020,10,18,Sun,,FFB6C1,4,10月18日,Sun,4
2020,10,19,Mon,,,4,10月19日,Mon,4
2020,10,20,Tue,,,4,10月20日,Tue,4
2020,10,21,Wed,,,4,10月21日,Wed,4
2020,10,22,Thu,,,4,10月22日,Thu,4
2020,10,23,Fri,,,4,10月23日,Fri,4
2020,10,24,Sat,,FFD9C1,4,10月24日,Sat,4
2020,10,25,Sun,,FFB6C1,5,10月25日,Sun,5
2020,10,26,Mon,,,5,10月26日,Mon,5
2020,10,27,Tue,,,5,10月27日,Tue,5
2020,10,28,Wed,,,5,10月28日,Wed,5
2020,10,29,Thu,,,5,10月29日,Thu,5
2020,10,30,Fri,,,5,10月30日,Fri,5
2020,10,31,Sat,,FFD9C1,5,10月31日,Sat,5
2020,11,1,Sun,,FFB6C1,1,11月1日,Sun,1
2020,11,2,Mon,,,1,11月2日,Mon,1
2020,11,3,Tue,Culture Day,FFB6C1,1,11月3日,Tue,1
2020,11,4,Wed,,,1,11月4日,Wed,1
2020,11,5,Thu,,,1,11月5日,Thu,1
2020,11,6,Fri,,,1,11月6日,Fri,1
2020,11,7,Sat,,FFD9C1,1,11月7日,Sat,1
2020,11,8,Sun,,FFB6C1,2,11月8日,Sun,2
2020,11,9,Mon,,,2,11月9日,Mon,2
2020,11,10,Tue,,,2,11月10日,Tue,2
2020,11,11,Wed,,,2,11月11日,Wed,2
2020,11,12,Thu,,,2,11月12日,Thu,2
2020,11,13,Fri,,,2,11月13日,Fri,2
2020,11,14,Sat,,FFD9C1,2,11月14日,Sat,2
2020,11,15,Sun,,FFB6C1,3,11月15日,Sun,3
2020,11,16,Mon,,,3,11月16日,Mon,3
2020,11,17,Tue,,,3,11月17日,Tue,3
2020,11,18,Wed,,,3,11月18日,Wed,3
2020,11,19,Thu,,,3,11月19日,Thu,3
2020,11,20,Fri,,,3,11月20日,Fri,3
2020,11,21,Sat,,FFD9C1,3,11月21日,Sat,3
2020,11,22,Sun,,FFB6C1,4,11月22日,Sun,4
2020,11,23,Mon,Labor Thanksgiving Day,FFB6C1,4,11月23日,Mon,4
2020,11,24,Tue,,,4,11月24日,Tue,4
2020,11,25,Wed,,,4,11月25日,Wed,4
2020,11,26,Thu,,,4,11月26日,Thu,4
2020,11,27,Fri,,,4,11月27日,Fri,4
2020,11,28,Sat,,FFD9C1,4,11月28日,Sat,4
2020,11,29,Sun,,FFB6C1,5,11月29日,Sun,5
2020,11,30,Mon,,,5,11月30日,Mon,5
2020,12,1,Tue,,,1,12月1日,Tue,1
2020,12,2,Wed,,,1,12月2日,Wed,1
2020,12,3,Thu,,,1,12月3日,Thu,1
2020,12,4,Fri,,,1,12月4日,Fri,1
2020,12,5,Sat,,FFD9C1,1,12月5日,Sat,1
2020,12,6,Sun,,FFB6C1,2,12月6日,Sun,2
2020,12,7,Mon,,,2,12月7日,Mon,2
2020,12,8,Tue,,,2,12月8日,Tue,2
2020,12,9,Wed,,,2,12月9日,Wed,2
2020,12,10,Thu,,,2,12月10日,Thu,2
2020,12,11,Fri,,,2,12月11日,Fri,2
2020,12,12,Sat,,FFD9C1,2,12月12日,Sat,2
2020,12,13,Sun,,FFB6C1,3,12月13日,Sun,3
2020,12,14,Mon,,,3,12月14日,Mon,3
2020,12,15,Tue,,,3,12月15日,Tue,3
2020,12,16,Wed,,,3,12月16日,Wed,3
2020,12,17,Thu,,,3,12月17日,Thu,3
2020,12,18,Fri,,,3,12月18日,Fri,3
2020,12,19,Sat,,FFD9C1,3,12月19日,Sat,3
2020,12,20,Sun,,FFB6C1,4,12月20日,Sun,4
2020,12,21,Mon,,,4,12月21日,Mon,4
2020,12,22,Tue,,,4,12月22日,Tue,4
2020,12,23,Wed,,,4,12月23日,Wed,4
2020,12,24,Thu,,,4,12月24日,Thu,4
2020,12,25,Fri,,,4,12月25日,Fri,4
2020,12,26,Sat,,FFD9C1,4,12月26日,Sat,4
2020,12,27,Sun,,FFB6C1,5,12月27日,Sun,5
2020,12,28,Mon,,,5,12月28日,Mon,5
2020,12,29,Tue,,,5,12月29日,Tue,5
2020,12,30,Wed,,,5,12月30日,Wed,5
2020,12,31,Thu,,,5,12月31日,Thu,5
